slug,name
katy-borner,Katy B&#246;rner
andreas-bueckle,Andreas Bueckle
bruce-w-herr-ii,Bruce W. Herr II
lisel-record,Lisel Record
daniel-bolin,Daniel Bolin
mike-gallant,Mike Gallant
michael-ginda,Michael Ginda
yashvardhan-jain,Yashvardhan Jain
nicole-johnson,Nicole Johnson
edward-lu,Edward Lu
libby-maier,Libby  Maier
danial-qaurooni,Danial Qaurooni
nancy-ruschman,Nancy Ruschman
rachel-bajema,Rachel Bajema
peter-kienle,Peter Kienle
ushma-patel,Ushma Patel
ellen-m-quardokus,Ellen M Quardokus
heidi-schlehlein,Heidi Schlehlein
todd-theriault,Todd Theriault
tracey-theriault,Tracey Theriault
supriya-bidanta,Supriya Bidanta
niteesha-jangam,Niteesha Jangam
siddharth-apte,Siddharth Apte
hrishikesh-mulkutkar,Hrishikesh Mulkutkar
meryl-jacob,Meryl Jacob
divya-prasanth-paraman,Divya  Prasanth  Paraman
gauri-markandey,Gauri  Markandey
prashant-channe,Prashant Channe
saai-vignesh-premanand,Saai  Vignesh  Premanand
antara-bhavsar,Antara Bhavsar
humaid-ilyas,Humaid Ilyas
parth-kedar-godse,Parth Kedar Godse
elizabeth-ginexi,Elizabeth Ginexi
naveen-rao-vardhineni,Naveen Rao Vardhineni
yash-r-kumar,Yash R. Kumar
juhi-khare,Juhi  Khare
keyur-parekh,Keyur Parekh
raj-chavan,Raj  Chavan
satyam-dubey,Satyam Dubey
traci-smith,Traci Smith
